Method;Job;AnalyzeLaunchVariance;EvaluateOverhead;MaxAbsoluteError;MaxRelativeError;MinInvokeCount;MinIterationTime;OutlierMode;Affinity;EnvironmentVariables;Jit;Platform;PowerPlanMode;Runtime;AllowVeryLargeObjects;Concurrent;CpuGroups;Force;HeapAffinitizeMask;HeapCount;NoAffinitize;RetainVm;Server;Arguments;BuildConfiguration;Clock;EngineFactory;NuGetReferences;Toolchain;IsMutator;InvocationCount;IterationCount;IterationTime;LaunchCount;MaxIterationCount;MaxWarmupIterationCount;MinIterationCount;MinWarmupIterationCount;RunStrategy;UnrollFactor;WarmupCount;Seed;NumEntries;NumLookups;Mean;Error;StdDev;Median;Ratio;RatioSD
GroundTruth;DefaultJob;False;Default;Default;Default;Default;Default;Default;11111111;Empty;RyuJit;X64;8c5e7fda-e8bf-4a96-9a85-a6e23a8c635c;.NET Core 3.1;False;True;False;True;Default;Default;False;False;False;Default;Default;Default;Default;Default;Default;Default;1;Default;Default;Default;Default;Default;Default;Default;Default;16;Default;42;10000;1000;18.823 μs;0.3399 μs;0.7317 μs;18.542 μs;1.00;0.00
VFHSLookup;DefaultJob;False;Default;Default;Default;Default;Default;Default;11111111;Empty;RyuJit;X64;8c5e7fda-e8bf-4a96-9a85-a6e23a8c635c;.NET Core 3.1;False;True;False;True;Default;Default;False;False;False;Default;Default;Default;Default;Default;Default;Default;1;Default;Default;Default;Default;Default;Default;Default;Default;16;Default;42;10000;1000;9.848 μs;0.0417 μs;0.0390 μs;9.840 μs;0.51;0.02
GroundTruth;DefaultJob;False;Default;Default;Default;Default;Default;Default;11111111;Empty;RyuJit;X64;8c5e7fda-e8bf-4a96-9a85-a6e23a8c635c;.NET Core 3.1;False;True;False;True;Default;Default;False;False;False;Default;Default;Default;Default;Default;Default;Default;1;Default;Default;Default;Default;Default;Default;Default;Default;16;Default;42;10000;2000;42.195 μs;0.2605 μs;0.2436 μs;42.154 μs;1.00;0.00
VFHSLookup;DefaultJob;False;Default;Default;Default;Default;Default;Default;11111111;Empty;RyuJit;X64;8c5e7fda-e8bf-4a96-9a85-a6e23a8c635c;.NET Core 3.1;False;True;False;True;Default;Default;False;False;False;Default;Default;Default;Default;Default;Default;Default;1;Default;Default;Default;Default;Default;Default;Default;Default;16;Default;42;10000;2000;20.024 μs;0.1393 μs;0.1235 μs;20.001 μs;0.47;0.00
GroundTruth;DefaultJob;False;Default;Default;Default;Default;Default;Default;11111111;Empty;RyuJit;X64;8c5e7fda-e8bf-4a96-9a85-a6e23a8c635c;.NET Core 3.1;False;True;False;True;Default;Default;False;False;False;Default;Default;Default;Default;Default;Default;Default;1;Default;Default;Default;Default;Default;Default;Default;Default;16;Default;42;30000;1000;19.818 μs;0.2017 μs;0.1887 μs;19.814 μs;1.00;0.00
VFHSLookup;DefaultJob;False;Default;Default;Default;Default;Default;Default;11111111;Empty;RyuJit;X64;8c5e7fda-e8bf-4a96-9a85-a6e23a8c635c;.NET Core 3.1;False;True;False;True;Default;Default;False;False;False;Default;Default;Default;Default;Default;Default;Default;1;Default;Default;Default;Default;Default;Default;Default;Default;16;Default;42;30000;1000;11.706 μs;0.1056 μs;0.0988 μs;11.696 μs;0.59;0.01
GroundTruth;DefaultJob;False;Default;Default;Default;Default;Default;Default;11111111;Empty;RyuJit;X64;8c5e7fda-e8bf-4a96-9a85-a6e23a8c635c;.NET Core 3.1;False;True;False;True;Default;Default;False;False;False;Default;Default;Default;Default;Default;Default;Default;1;Default;Default;Default;Default;Default;Default;Default;Default;16;Default;42;30000;2000;48.952 μs;0.3966 μs;0.3710 μs;48.974 μs;1.00;0.00
VFHSLookup;DefaultJob;False;Default;Default;Default;Default;Default;Default;11111111;Empty;RyuJit;X64;8c5e7fda-e8bf-4a96-9a85-a6e23a8c635c;.NET Core 3.1;False;True;False;True;Default;Default;False;False;False;Default;Default;Default;Default;Default;Default;Default;1;Default;Default;Default;Default;Default;Default;Default;Default;16;Default;42;30000;2000;22.708 μs;0.1452 μs;0.1358 μs;22.667 μs;0.46;0.00
GroundTruth;DefaultJob;False;Default;Default;Default;Default;Default;Default;11111111;Empty;RyuJit;X64;8c5e7fda-e8bf-4a96-9a85-a6e23a8c635c;.NET Core 3.1;False;True;False;True;Default;Default;False;False;False;Default;Default;Default;Default;Default;Default;Default;1;Default;Default;Default;Default;Default;Default;Default;Default;16;Default;42;90000;1000;21.178 μs;0.2348 μs;0.2196 μs;21.195 μs;1.00;0.00
VFHSLookup;DefaultJob;False;Default;Default;Default;Default;Default;Default;11111111;Empty;RyuJit;X64;8c5e7fda-e8bf-4a96-9a85-a6e23a8c635c;.NET Core 3.1;False;True;False;True;Default;Default;False;False;False;Default;Default;Default;Default;Default;Default;Default;1;Default;Default;Default;Default;Default;Default;Default;Default;16;Default;42;90000;1000;11.952 μs;0.0772 μs;0.0722 μs;11.967 μs;0.56;0.01
GroundTruth;DefaultJob;False;Default;Default;Default;Default;Default;Default;11111111;Empty;RyuJit;X64;8c5e7fda-e8bf-4a96-9a85-a6e23a8c635c;.NET Core 3.1;False;True;False;True;Default;Default;False;False;False;Default;Default;Default;Default;Default;Default;Default;1;Default;Default;Default;Default;Default;Default;Default;Default;16;Default;42;90000;2000;53.158 μs;0.4277 μs;0.4001 μs;53.112 μs;1.00;0.00
VFHSLookup;DefaultJob;False;Default;Default;Default;Default;Default;Default;11111111;Empty;RyuJit;X64;8c5e7fda-e8bf-4a96-9a85-a6e23a8c635c;.NET Core 3.1;False;True;False;True;Default;Default;False;False;False;Default;Default;Default;Default;Default;Default;Default;1;Default;Default;Default;Default;Default;Default;Default;Default;16;Default;42;90000;2000;26.264 μs;0.1602 μs;0.1420 μs;26.256 μs;0.49;0.00
GroundTruth;DefaultJob;False;Default;Default;Default;Default;Default;Default;11111111;Empty;RyuJit;X64;8c5e7fda-e8bf-4a96-9a85-a6e23a8c635c;.NET Core 3.1;False;True;False;True;Default;Default;False;False;False;Default;Default;Default;Default;Default;Default;Default;1;Default;Default;Default;Default;Default;Default;Default;Default;16;Default;42;200000;1000;21.522 μs;0.1918 μs;0.1794 μs;21.469 μs;1.00;0.00
VFHSLookup;DefaultJob;False;Default;Default;Default;Default;Default;Default;11111111;Empty;RyuJit;X64;8c5e7fda-e8bf-4a96-9a85-a6e23a8c635c;.NET Core 3.1;False;True;False;True;Default;Default;False;False;False;Default;Default;Default;Default;Default;Default;Default;1;Default;Default;Default;Default;Default;Default;Default;Default;16;Default;42;200000;1000;12.321 μs;0.0464 μs;0.0434 μs;12.326 μs;0.57;0.00
GroundTruth;DefaultJob;False;Default;Default;Default;Default;Default;Default;11111111;Empty;RyuJit;X64;8c5e7fda-e8bf-4a96-9a85-a6e23a8c635c;.NET Core 3.1;False;True;False;True;Default;Default;False;False;False;Default;Default;Default;Default;Default;Default;Default;1;Default;Default;Default;Default;Default;Default;Default;Default;16;Default;42;200000;2000;55.073 μs;0.4569 μs;0.3816 μs;55.107 μs;1.00;0.00
VFHSLookup;DefaultJob;False;Default;Default;Default;Default;Default;Default;11111111;Empty;RyuJit;X64;8c5e7fda-e8bf-4a96-9a85-a6e23a8c635c;.NET Core 3.1;False;True;False;True;Default;Default;False;False;False;Default;Default;Default;Default;Default;Default;Default;1;Default;Default;Default;Default;Default;Default;Default;Default;16;Default;42;200000;2000;33.303 μs;0.6630 μs;1.5628 μs;33.367 μs;0.63;0.02
GroundTruth;DefaultJob;False;Default;Default;Default;Default;Default;Default;11111111;Empty;RyuJit;X64;8c5e7fda-e8bf-4a96-9a85-a6e23a8c635c;.NET Core 3.1;False;True;False;True;Default;Default;False;False;False;Default;Default;Default;Default;Default;Default;Default;1;Default;Default;Default;Default;Default;Default;Default;Default;16;Default;422;10000;1000;19.418 μs;0.2942 μs;0.4220 μs;19.344 μs;1.00;0.00
VFHSLookup;DefaultJob;False;Default;Default;Default;Default;Default;Default;11111111;Empty;RyuJit;X64;8c5e7fda-e8bf-4a96-9a85-a6e23a8c635c;.NET Core 3.1;False;True;False;True;Default;Default;False;False;False;Default;Default;Default;Default;Default;Default;Default;1;Default;Default;Default;Default;Default;Default;Default;Default;16;Default;422;10000;1000;9.956 μs;0.0723 μs;0.0676 μs;9.953 μs;0.51;0.01
GroundTruth;DefaultJob;False;Default;Default;Default;Default;Default;Default;11111111;Empty;RyuJit;X64;8c5e7fda-e8bf-4a96-9a85-a6e23a8c635c;.NET Core 3.1;False;True;False;True;Default;Default;False;False;False;Default;Default;Default;Default;Default;Default;Default;1;Default;Default;Default;Default;Default;Default;Default;Default;16;Default;422;10000;2000;43.068 μs;0.3792 μs;0.3547 μs;43.046 μs;1.00;0.00
VFHSLookup;DefaultJob;False;Default;Default;Default;Default;Default;Default;11111111;Empty;RyuJit;X64;8c5e7fda-e8bf-4a96-9a85-a6e23a8c635c;.NET Core 3.1;False;True;False;True;Default;Default;False;False;False;Default;Default;Default;Default;Default;Default;Default;1;Default;Default;Default;Default;Default;Default;Default;Default;16;Default;422;10000;2000;21.847 μs;0.1527 μs;0.1429 μs;21.864 μs;0.51;0.00
GroundTruth;DefaultJob;False;Default;Default;Default;Default;Default;Default;11111111;Empty;RyuJit;X64;8c5e7fda-e8bf-4a96-9a85-a6e23a8c635c;.NET Core 3.1;False;True;False;True;Default;Default;False;False;False;Default;Default;Default;Default;Default;Default;Default;1;Default;Default;Default;Default;Default;Default;Default;Default;16;Default;422;30000;1000;20.403 μs;0.2850 μs;0.2666 μs;20.332 μs;1.00;0.00
VFHSLookup;DefaultJob;False;Default;Default;Default;Default;Default;Default;11111111;Empty;RyuJit;X64;8c5e7fda-e8bf-4a96-9a85-a6e23a8c635c;.NET Core 3.1;False;True;False;True;Default;Default;False;False;False;Default;Default;Default;Default;Default;Default;Default;1;Default;Default;Default;Default;Default;Default;Default;Default;16;Default;422;30000;1000;11.045 μs;0.0530 μs;0.0651 μs;11.030 μs;0.54;0.01
GroundTruth;DefaultJob;False;Default;Default;Default;Default;Default;Default;11111111;Empty;RyuJit;X64;8c5e7fda-e8bf-4a96-9a85-a6e23a8c635c;.NET Core 3.1;False;True;False;True;Default;Default;False;False;False;Default;Default;Default;Default;Default;Default;Default;1;Default;Default;Default;Default;Default;Default;Default;Default;16;Default;422;30000;2000;50.536 μs;0.1659 μs;0.1552 μs;50.506 μs;1.00;0.00
VFHSLookup;DefaultJob;False;Default;Default;Default;Default;Default;Default;11111111;Empty;RyuJit;X64;8c5e7fda-e8bf-4a96-9a85-a6e23a8c635c;.NET Core 3.1;False;True;False;True;Default;Default;False;False;False;Default;Default;Default;Default;Default;Default;Default;1;Default;Default;Default;Default;Default;Default;Default;Default;16;Default;422;30000;2000;21.791 μs;0.1402 μs;0.1312 μs;21.828 μs;0.43;0.00
GroundTruth;DefaultJob;False;Default;Default;Default;Default;Default;Default;11111111;Empty;RyuJit;X64;8c5e7fda-e8bf-4a96-9a85-a6e23a8c635c;.NET Core 3.1;False;True;False;True;Default;Default;False;False;False;Default;Default;Default;Default;Default;Default;Default;1;Default;Default;Default;Default;Default;Default;Default;Default;16;Default;422;90000;1000;20.798 μs;0.1861 μs;0.1740 μs;20.789 μs;1.00;0.00
VFHSLookup;DefaultJob;False;Default;Default;Default;Default;Default;Default;11111111;Empty;RyuJit;X64;8c5e7fda-e8bf-4a96-9a85-a6e23a8c635c;.NET Core 3.1;False;True;False;True;Default;Default;False;False;False;Default;Default;Default;Default;Default;Default;Default;1;Default;Default;Default;Default;Default;Default;Default;Default;16;Default;422;90000;1000;11.912 μs;0.0821 μs;0.0728 μs;11.905 μs;0.57;0.00
GroundTruth;DefaultJob;False;Default;Default;Default;Default;Default;Default;11111111;Empty;RyuJit;X64;8c5e7fda-e8bf-4a96-9a85-a6e23a8c635c;.NET Core 3.1;False;True;False;True;Default;Default;False;False;False;Default;Default;Default;Default;Default;Default;Default;1;Default;Default;Default;Default;Default;Default;Default;Default;16;Default;422;90000;2000;53.710 μs;0.3460 μs;0.3236 μs;53.631 μs;1.00;0.00
VFHSLookup;DefaultJob;False;Default;Default;Default;Default;Default;Default;11111111;Empty;RyuJit;X64;8c5e7fda-e8bf-4a96-9a85-a6e23a8c635c;.NET Core 3.1;False;True;False;True;Default;Default;False;False;False;Default;Default;Default;Default;Default;Default;Default;1;Default;Default;Default;Default;Default;Default;Default;Default;16;Default;422;90000;2000;26.643 μs;0.2661 μs;0.2489 μs;26.660 μs;0.50;0.01
GroundTruth;DefaultJob;False;Default;Default;Default;Default;Default;Default;11111111;Empty;RyuJit;X64;8c5e7fda-e8bf-4a96-9a85-a6e23a8c635c;.NET Core 3.1;False;True;False;True;Default;Default;False;False;False;Default;Default;Default;Default;Default;Default;Default;1;Default;Default;Default;Default;Default;Default;Default;Default;16;Default;422;200000;1000;21.639 μs;0.2381 μs;0.1988 μs;21.560 μs;1.00;0.00
VFHSLookup;DefaultJob;False;Default;Default;Default;Default;Default;Default;11111111;Empty;RyuJit;X64;8c5e7fda-e8bf-4a96-9a85-a6e23a8c635c;.NET Core 3.1;False;True;False;True;Default;Default;False;False;False;Default;Default;Default;Default;Default;Default;Default;1;Default;Default;Default;Default;Default;Default;Default;Default;16;Default;422;200000;1000;11.936 μs;0.1105 μs;0.1033 μs;11.929 μs;0.55;0.01
GroundTruth;DefaultJob;False;Default;Default;Default;Default;Default;Default;11111111;Empty;RyuJit;X64;8c5e7fda-e8bf-4a96-9a85-a6e23a8c635c;.NET Core 3.1;False;True;False;True;Default;Default;False;False;False;Default;Default;Default;Default;Default;Default;Default;1;Default;Default;Default;Default;Default;Default;Default;Default;16;Default;422;200000;2000;53.301 μs;0.4084 μs;0.3820 μs;53.405 μs;1.00;0.00
VFHSLookup;DefaultJob;False;Default;Default;Default;Default;Default;Default;11111111;Empty;RyuJit;X64;8c5e7fda-e8bf-4a96-9a85-a6e23a8c635c;.NET Core 3.1;False;True;False;True;Default;Default;False;False;False;Default;Default;Default;Default;Default;Default;Default;1;Default;Default;Default;Default;Default;Default;Default;Default;16;Default;422;200000;2000;28.790 μs;0.1980 μs;0.1852 μs;28.816 μs;0.54;0.00
GroundTruth;DefaultJob;False;Default;Default;Default;Default;Default;Default;11111111;Empty;RyuJit;X64;8c5e7fda-e8bf-4a96-9a85-a6e23a8c635c;.NET Core 3.1;False;True;False;True;Default;Default;False;False;False;Default;Default;Default;Default;Default;Default;Default;1;Default;Default;Default;Default;Default;Default;Default;Default;16;Default;543;10000;1000;18.603 μs;0.1572 μs;0.1471 μs;18.593 μs;1.00;0.00
VFHSLookup;DefaultJob;False;Default;Default;Default;Default;Default;Default;11111111;Empty;RyuJit;X64;8c5e7fda-e8bf-4a96-9a85-a6e23a8c635c;.NET Core 3.1;False;True;False;True;Default;Default;False;False;False;Default;Default;Default;Default;Default;Default;Default;1;Default;Default;Default;Default;Default;Default;Default;Default;16;Default;543;10000;1000;10.777 μs;0.0239 μs;0.0200 μs;10.784 μs;0.58;0.00
GroundTruth;DefaultJob;False;Default;Default;Default;Default;Default;Default;11111111;Empty;RyuJit;X64;8c5e7fda-e8bf-4a96-9a85-a6e23a8c635c;.NET Core 3.1;False;True;False;True;Default;Default;False;False;False;Default;Default;Default;Default;Default;Default;Default;1;Default;Default;Default;Default;Default;Default;Default;Default;16;Default;543;10000;2000;42.475 μs;0.2209 μs;0.2066 μs;42.516 μs;1.00;0.00
VFHSLookup;DefaultJob;False;Default;Default;Default;Default;Default;Default;11111111;Empty;RyuJit;X64;8c5e7fda-e8bf-4a96-9a85-a6e23a8c635c;.NET Core 3.1;False;True;False;True;Default;Default;False;False;False;Default;Default;Default;Default;Default;Default;Default;1;Default;Default;Default;Default;Default;Default;Default;Default;16;Default;543;10000;2000;19.995 μs;0.0796 μs;0.0745 μs;19.986 μs;0.47;0.00
GroundTruth;DefaultJob;False;Default;Default;Default;Default;Default;Default;11111111;Empty;RyuJit;X64;8c5e7fda-e8bf-4a96-9a85-a6e23a8c635c;.NET Core 3.1;False;True;False;True;Default;Default;False;False;False;Default;Default;Default;Default;Default;Default;Default;1;Default;Default;Default;Default;Default;Default;Default;Default;16;Default;543;30000;1000;20.225 μs;0.1647 μs;0.1540 μs;20.202 μs;1.00;0.00
VFHSLookup;DefaultJob;False;Default;Default;Default;Default;Default;Default;11111111;Empty;RyuJit;X64;8c5e7fda-e8bf-4a96-9a85-a6e23a8c635c;.NET Core 3.1;False;True;False;True;Default;Default;False;False;False;Default;Default;Default;Default;Default;Default;Default;1;Default;Default;Default;Default;Default;Default;Default;Default;16;Default;543;30000;1000;11.004 μs;0.0648 μs;0.0607 μs;10.995 μs;0.54;0.01
GroundTruth;DefaultJob;False;Default;Default;Default;Default;Default;Default;11111111;Empty;RyuJit;X64;8c5e7fda-e8bf-4a96-9a85-a6e23a8c635c;.NET Core 3.1;False;True;False;True;Default;Default;False;False;False;Default;Default;Default;Default;Default;Default;Default;1;Default;Default;Default;Default;Default;Default;Default;Default;16;Default;543;30000;2000;48.587 μs;0.5476 μs;0.5122 μs;48.487 μs;1.00;0.00
VFHSLookup;DefaultJob;False;Default;Default;Default;Default;Default;Default;11111111;Empty;RyuJit;X64;8c5e7fda-e8bf-4a96-9a85-a6e23a8c635c;.NET Core 3.1;False;True;False;True;Default;Default;False;False;False;Default;Default;Default;Default;Default;Default;Default;1;Default;Default;Default;Default;Default;Default;Default;Default;16;Default;543;30000;2000;21.747 μs;0.1915 μs;0.1792 μs;21.704 μs;0.45;0.01
GroundTruth;DefaultJob;False;Default;Default;Default;Default;Default;Default;11111111;Empty;RyuJit;X64;8c5e7fda-e8bf-4a96-9a85-a6e23a8c635c;.NET Core 3.1;False;True;False;True;Default;Default;False;False;False;Default;Default;Default;Default;Default;Default;Default;1;Default;Default;Default;Default;Default;Default;Default;Default;16;Default;543;90000;1000;22.421 μs;0.1849 μs;0.1639 μs;22.431 μs;1.00;0.00
VFHSLookup;DefaultJob;False;Default;Default;Default;Default;Default;Default;11111111;Empty;RyuJit;X64;8c5e7fda-e8bf-4a96-9a85-a6e23a8c635c;.NET Core 3.1;False;True;False;True;Default;Default;False;False;False;Default;Default;Default;Default;Default;Default;Default;1;Default;Default;Default;Default;Default;Default;Default;Default;16;Default;543;90000;1000;11.549 μs;0.0698 μs;0.0653 μs;11.563 μs;0.52;0.00
GroundTruth;DefaultJob;False;Default;Default;Default;Default;Default;Default;11111111;Empty;RyuJit;X64;8c5e7fda-e8bf-4a96-9a85-a6e23a8c635c;.NET Core 3.1;False;True;False;True;Default;Default;False;False;False;Default;Default;Default;Default;Default;Default;Default;1;Default;Default;Default;Default;Default;Default;Default;Default;16;Default;543;90000;2000;56.876 μs;0.4717 μs;0.4412 μs;56.981 μs;1.00;0.00
VFHSLookup;DefaultJob;False;Default;Default;Default;Default;Default;Default;11111111;Empty;RyuJit;X64;8c5e7fda-e8bf-4a96-9a85-a6e23a8c635c;.NET Core 3.1;False;True;False;True;Default;Default;False;False;False;Default;Default;Default;Default;Default;Default;Default;1;Default;Default;Default;Default;Default;Default;Default;Default;16;Default;543;90000;2000;26.424 μs;0.1521 μs;0.1423 μs;26.421 μs;0.46;0.00
GroundTruth;DefaultJob;False;Default;Default;Default;Default;Default;Default;11111111;Empty;RyuJit;X64;8c5e7fda-e8bf-4a96-9a85-a6e23a8c635c;.NET Core 3.1;False;True;False;True;Default;Default;False;False;False;Default;Default;Default;Default;Default;Default;Default;1;Default;Default;Default;Default;Default;Default;Default;Default;16;Default;543;200000;1000;21.077 μs;0.1003 μs;0.0837 μs;21.067 μs;1.00;0.00
VFHSLookup;DefaultJob;False;Default;Default;Default;Default;Default;Default;11111111;Empty;RyuJit;X64;8c5e7fda-e8bf-4a96-9a85-a6e23a8c635c;.NET Core 3.1;False;True;False;True;Default;Default;False;False;False;Default;Default;Default;Default;Default;Default;Default;1;Default;Default;Default;Default;Default;Default;Default;Default;16;Default;543;200000;1000;12.220 μs;0.0724 μs;0.0677 μs;12.198 μs;0.58;0.00
GroundTruth;DefaultJob;False;Default;Default;Default;Default;Default;Default;11111111;Empty;RyuJit;X64;8c5e7fda-e8bf-4a96-9a85-a6e23a8c635c;.NET Core 3.1;False;True;False;True;Default;Default;False;False;False;Default;Default;Default;Default;Default;Default;Default;1;Default;Default;Default;Default;Default;Default;Default;Default;16;Default;543;200000;2000;52.661 μs;0.3396 μs;0.3176 μs;52.576 μs;1.00;0.00
VFHSLookup;DefaultJob;False;Default;Default;Default;Default;Default;Default;11111111;Empty;RyuJit;X64;8c5e7fda-e8bf-4a96-9a85-a6e23a8c635c;.NET Core 3.1;False;True;False;True;Default;Default;False;False;False;Default;Default;Default;Default;Default;Default;Default;1;Default;Default;Default;Default;Default;Default;Default;Default;16;Default;543;200000;2000;29.133 μs;0.1200 μs;0.1122 μs;29.096 μs;0.55;0.00
