Method;Job;AnalyzeLaunchVariance;EvaluateOverhead;MaxAbsoluteError;MaxRelativeError;MinInvokeCount;MinIterationTime;OutlierMode;Affinity;EnvironmentVariables;Jit;Platform;PowerPlanMode;Runtime;AllowVeryLargeObjects;Concurrent;CpuGroups;Force;HeapAffinitizeMask;HeapCount;NoAffinitize;RetainVm;Server;Arguments;BuildConfiguration;Clock;EngineFactory;NuGetReferences;Toolchain;IsMutator;InvocationCount;IterationCount;IterationTime;LaunchCount;MaxIterationCount;MaxWarmupIterationCount;MinIterationCount;MinWarmupIterationCount;RunStrategy;UnrollFactor;WarmupCount;Seed;NumEntries;Mean;Error;StdDev;Ratio;RatioSD
GTForEach;DefaultJob;False;Default;Default;Default;Default;Default;Default;11111111;Empty;RyuJit;X64;8c5e7fda-e8bf-4a96-9a85-a6e23a8c635c;.NET Core 3.1;False;True;False;True;Default;Default;False;False;False;Default;Default;Default;Default;Default;Default;Default;1;Default;Default;Default;Default;Default;Default;Default;Default;16;Default;42;12;38.82 ns;0.160 ns;0.142 ns;1.00;0.00
VFHSForEachIt;DefaultJob;False;Default;Default;Default;Default;Default;Default;11111111;Empty;RyuJit;X64;8c5e7fda-e8bf-4a96-9a85-a6e23a8c635c;.NET Core 3.1;False;True;False;True;Default;Default;False;False;False;Default;Default;Default;Default;Default;Default;Default;1;Default;Default;Default;Default;Default;Default;Default;Default;16;Default;42;12;80.14 ns;0.160 ns;0.150 ns;2.06;0.01
VFHSForEachJIt;DefaultJob;False;Default;Default;Default;Default;Default;Default;11111111;Empty;RyuJit;X64;8c5e7fda-e8bf-4a96-9a85-a6e23a8c635c;.NET Core 3.1;False;True;False;True;Default;Default;False;False;False;Default;Default;Default;Default;Default;Default;Default;1;Default;Default;Default;Default;Default;Default;Default;Default;16;Default;42;12;43.74 ns;0.102 ns;0.090 ns;1.13;0.00
VFHSForEach;DefaultJob;False;Default;Default;Default;Default;Default;Default;11111111;Empty;RyuJit;X64;8c5e7fda-e8bf-4a96-9a85-a6e23a8c635c;.NET Core 3.1;False;True;False;True;Default;Default;False;False;False;Default;Default;Default;Default;Default;Default;Default;1;Default;Default;Default;Default;Default;Default;Default;Default;16;Default;42;12;39.07 ns;0.162 ns;0.152 ns;1.01;0.01
GTForEach;DefaultJob;False;Default;Default;Default;Default;Default;Default;11111111;Empty;RyuJit;X64;8c5e7fda-e8bf-4a96-9a85-a6e23a8c635c;.NET Core 3.1;False;True;False;True;Default;Default;False;False;False;Default;Default;Default;Default;Default;Default;Default;1;Default;Default;Default;Default;Default;Default;Default;Default;16;Default;42;34;112.15 ns;0.190 ns;0.178 ns;1.00;0.00
VFHSForEachIt;DefaultJob;False;Default;Default;Default;Default;Default;Default;11111111;Empty;RyuJit;X64;8c5e7fda-e8bf-4a96-9a85-a6e23a8c635c;.NET Core 3.1;False;True;False;True;Default;Default;False;False;False;Default;Default;Default;Default;Default;Default;Default;1;Default;Default;Default;Default;Default;Default;Default;Default;16;Default;42;34;236.00 ns;0.959 ns;0.850 ns;2.10;0.01
VFHSForEachJIt;DefaultJob;False;Default;Default;Default;Default;Default;Default;11111111;Empty;RyuJit;X64;8c5e7fda-e8bf-4a96-9a85-a6e23a8c635c;.NET Core 3.1;False;True;False;True;Default;Default;False;False;False;Default;Default;Default;Default;Default;Default;Default;1;Default;Default;Default;Default;Default;Default;Default;Default;16;Default;42;34;154.08 ns;0.372 ns;0.311 ns;1.37;0.00
VFHSForEach;DefaultJob;False;Default;Default;Default;Default;Default;Default;11111111;Empty;RyuJit;X64;8c5e7fda-e8bf-4a96-9a85-a6e23a8c635c;.NET Core 3.1;False;True;False;True;Default;Default;False;False;False;Default;Default;Default;Default;Default;Default;Default;1;Default;Default;Default;Default;Default;Default;Default;Default;16;Default;42;34;85.97 ns;0.203 ns;0.170 ns;0.77;0.00
GTForEach;DefaultJob;False;Default;Default;Default;Default;Default;Default;11111111;Empty;RyuJit;X64;8c5e7fda-e8bf-4a96-9a85-a6e23a8c635c;.NET Core 3.1;False;True;False;True;Default;Default;False;False;False;Default;Default;Default;Default;Default;Default;Default;1;Default;Default;Default;Default;Default;Default;Default;Default;16;Default;42;2345;"6,911.99 ns";13.063 ns;12.219 ns;1.00;0.00
VFHSForEachIt;DefaultJob;False;Default;Default;Default;Default;Default;Default;11111111;Empty;RyuJit;X64;8c5e7fda-e8bf-4a96-9a85-a6e23a8c635c;.NET Core 3.1;False;True;False;True;Default;Default;False;False;False;Default;Default;Default;Default;Default;Default;Default;1;Default;Default;Default;Default;Default;Default;Default;Default;16;Default;42;2345;"29,766.52 ns";133.162 ns;124.560 ns;4.31;0.02
VFHSForEachJIt;DefaultJob;False;Default;Default;Default;Default;Default;Default;11111111;Empty;RyuJit;X64;8c5e7fda-e8bf-4a96-9a85-a6e23a8c635c;.NET Core 3.1;False;True;False;True;Default;Default;False;False;False;Default;Default;Default;Default;Default;Default;Default;1;Default;Default;Default;Default;Default;Default;Default;Default;16;Default;42;2345;"16,236.17 ns";46.482 ns;43.479 ns;2.35;0.01
VFHSForEach;DefaultJob;False;Default;Default;Default;Default;Default;Default;11111111;Empty;RyuJit;X64;8c5e7fda-e8bf-4a96-9a85-a6e23a8c635c;.NET Core 3.1;False;True;False;True;Default;Default;False;False;False;Default;Default;Default;Default;Default;Default;Default;1;Default;Default;Default;Default;Default;Default;Default;Default;16;Default;42;2345;"5,628.36 ns";12.231 ns;11.441 ns;0.81;0.00
GTForEach;DefaultJob;False;Default;Default;Default;Default;Default;Default;11111111;Empty;RyuJit;X64;8c5e7fda-e8bf-4a96-9a85-a6e23a8c635c;.NET Core 3.1;False;True;False;True;Default;Default;False;False;False;Default;Default;Default;Default;Default;Default;Default;1;Default;Default;Default;Default;Default;Default;Default;Default;16;Default;42;33456;"98,741.97 ns";176.545 ns;165.140 ns;1.00;0.00
VFHSForEachIt;DefaultJob;False;Default;Default;Default;Default;Default;Default;11111111;Empty;RyuJit;X64;8c5e7fda-e8bf-4a96-9a85-a6e23a8c635c;.NET Core 3.1;False;True;False;True;Default;Default;False;False;False;Default;Default;Default;Default;Default;Default;Default;1;Default;Default;Default;Default;Default;Default;Default;Default;16;Default;42;33456;"522,412.04 ns";"1,604.962 ns";"1,422.757 ns";5.29;0.01
VFHSForEachJIt;DefaultJob;False;Default;Default;Default;Default;Default;Default;11111111;Empty;RyuJit;X64;8c5e7fda-e8bf-4a96-9a85-a6e23a8c635c;.NET Core 3.1;False;True;False;True;Default;Default;False;False;False;Default;Default;Default;Default;Default;Default;Default;1;Default;Default;Default;Default;Default;Default;Default;Default;16;Default;42;33456;"411,862.27 ns";"1,542.473 ns";"1,288.035 ns";4.17;0.02
VFHSForEach;DefaultJob;False;Default;Default;Default;Default;Default;Default;11111111;Empty;RyuJit;X64;8c5e7fda-e8bf-4a96-9a85-a6e23a8c635c;.NET Core 3.1;False;True;False;True;Default;Default;False;False;False;Default;Default;Default;Default;Default;Default;Default;1;Default;Default;Default;Default;Default;Default;Default;Default;16;Default;42;33456;"81,363.09 ns";109.318 ns;85.348 ns;0.82;0.00
GTForEach;DefaultJob;False;Default;Default;Default;Default;Default;Default;11111111;Empty;RyuJit;X64;8c5e7fda-e8bf-4a96-9a85-a6e23a8c635c;.NET Core 3.1;False;True;False;True;Default;Default;False;False;False;Default;Default;Default;Default;Default;Default;Default;1;Default;Default;Default;Default;Default;Default;Default;Default;16;Default;345;12;38.68 ns;0.093 ns;0.083 ns;1.00;0.00
VFHSForEachIt;DefaultJob;False;Default;Default;Default;Default;Default;Default;11111111;Empty;RyuJit;X64;8c5e7fda-e8bf-4a96-9a85-a6e23a8c635c;.NET Core 3.1;False;True;False;True;Default;Default;False;False;False;Default;Default;Default;Default;Default;Default;Default;1;Default;Default;Default;Default;Default;Default;Default;Default;16;Default;345;12;81.83 ns;0.606 ns;0.567 ns;2.11;0.02
VFHSForEachJIt;DefaultJob;False;Default;Default;Default;Default;Default;Default;11111111;Empty;RyuJit;X64;8c5e7fda-e8bf-4a96-9a85-a6e23a8c635c;.NET Core 3.1;False;True;False;True;Default;Default;False;False;False;Default;Default;Default;Default;Default;Default;Default;1;Default;Default;Default;Default;Default;Default;Default;Default;16;Default;345;12;42.09 ns;0.105 ns;0.093 ns;1.09;0.00
VFHSForEach;DefaultJob;False;Default;Default;Default;Default;Default;Default;11111111;Empty;RyuJit;X64;8c5e7fda-e8bf-4a96-9a85-a6e23a8c635c;.NET Core 3.1;False;True;False;True;Default;Default;False;False;False;Default;Default;Default;Default;Default;Default;Default;1;Default;Default;Default;Default;Default;Default;Default;Default;16;Default;345;12;38.20 ns;0.148 ns;0.123 ns;0.99;0.00
GTForEach;DefaultJob;False;Default;Default;Default;Default;Default;Default;11111111;Empty;RyuJit;X64;8c5e7fda-e8bf-4a96-9a85-a6e23a8c635c;.NET Core 3.1;False;True;False;True;Default;Default;False;False;False;Default;Default;Default;Default;Default;Default;Default;1;Default;Default;Default;Default;Default;Default;Default;Default;16;Default;345;34;112.24 ns;0.250 ns;0.234 ns;1.00;0.00
VFHSForEachIt;DefaultJob;False;Default;Default;Default;Default;Default;Default;11111111;Empty;RyuJit;X64;8c5e7fda-e8bf-4a96-9a85-a6e23a8c635c;.NET Core 3.1;False;True;False;True;Default;Default;False;False;False;Default;Default;Default;Default;Default;Default;Default;1;Default;Default;Default;Default;Default;Default;Default;Default;16;Default;345;34;233.32 ns;0.585 ns;0.518 ns;2.08;0.01
VFHSForEachJIt;DefaultJob;False;Default;Default;Default;Default;Default;Default;11111111;Empty;RyuJit;X64;8c5e7fda-e8bf-4a96-9a85-a6e23a8c635c;.NET Core 3.1;False;True;False;True;Default;Default;False;False;False;Default;Default;Default;Default;Default;Default;Default;1;Default;Default;Default;Default;Default;Default;Default;Default;16;Default;345;34;152.16 ns;0.378 ns;0.353 ns;1.36;0.00
VFHSForEach;DefaultJob;False;Default;Default;Default;Default;Default;Default;11111111;Empty;RyuJit;X64;8c5e7fda-e8bf-4a96-9a85-a6e23a8c635c;.NET Core 3.1;False;True;False;True;Default;Default;False;False;False;Default;Default;Default;Default;Default;Default;Default;1;Default;Default;Default;Default;Default;Default;Default;Default;16;Default;345;34;86.17 ns;0.292 ns;0.259 ns;0.77;0.00
GTForEach;DefaultJob;False;Default;Default;Default;Default;Default;Default;11111111;Empty;RyuJit;X64;8c5e7fda-e8bf-4a96-9a85-a6e23a8c635c;.NET Core 3.1;False;True;False;True;Default;Default;False;False;False;Default;Default;Default;Default;Default;Default;Default;1;Default;Default;Default;Default;Default;Default;Default;Default;16;Default;345;2345;"6,918.45 ns";17.553 ns;16.419 ns;1.00;0.00
VFHSForEachIt;DefaultJob;False;Default;Default;Default;Default;Default;Default;11111111;Empty;RyuJit;X64;8c5e7fda-e8bf-4a96-9a85-a6e23a8c635c;.NET Core 3.1;False;True;False;True;Default;Default;False;False;False;Default;Default;Default;Default;Default;Default;Default;1;Default;Default;Default;Default;Default;Default;Default;Default;16;Default;345;2345;"26,962.84 ns";106.103 ns;99.249 ns;3.90;0.02
VFHSForEachJIt;DefaultJob;False;Default;Default;Default;Default;Default;Default;11111111;Empty;RyuJit;X64;8c5e7fda-e8bf-4a96-9a85-a6e23a8c635c;.NET Core 3.1;False;True;False;True;Default;Default;False;False;False;Default;Default;Default;Default;Default;Default;Default;1;Default;Default;Default;Default;Default;Default;Default;Default;16;Default;345;2345;"15,925.00 ns";72.734 ns;68.036 ns;2.30;0.01
VFHSForEach;DefaultJob;False;Default;Default;Default;Default;Default;Default;11111111;Empty;RyuJit;X64;8c5e7fda-e8bf-4a96-9a85-a6e23a8c635c;.NET Core 3.1;False;True;False;True;Default;Default;False;False;False;Default;Default;Default;Default;Default;Default;Default;1;Default;Default;Default;Default;Default;Default;Default;Default;16;Default;345;2345;"5,626.50 ns";14.689 ns;13.022 ns;0.81;0.00
GTForEach;DefaultJob;False;Default;Default;Default;Default;Default;Default;11111111;Empty;RyuJit;X64;8c5e7fda-e8bf-4a96-9a85-a6e23a8c635c;.NET Core 3.1;False;True;False;True;Default;Default;False;False;False;Default;Default;Default;Default;Default;Default;Default;1;Default;Default;Default;Default;Default;Default;Default;Default;16;Default;345;33456;"98,767.40 ns";293.499 ns;260.179 ns;1.00;0.00
VFHSForEachIt;DefaultJob;False;Default;Default;Default;Default;Default;Default;11111111;Empty;RyuJit;X64;8c5e7fda-e8bf-4a96-9a85-a6e23a8c635c;.NET Core 3.1;False;True;False;True;Default;Default;False;False;False;Default;Default;Default;Default;Default;Default;Default;1;Default;Default;Default;Default;Default;Default;Default;Default;16;Default;345;33456;"524,531.10 ns";"1,636.087 ns";"1,530.397 ns";5.31;0.02
VFHSForEachJIt;DefaultJob;False;Default;Default;Default;Default;Default;Default;11111111;Empty;RyuJit;X64;8c5e7fda-e8bf-4a96-9a85-a6e23a8c635c;.NET Core 3.1;False;True;False;True;Default;Default;False;False;False;Default;Default;Default;Default;Default;Default;Default;1;Default;Default;Default;Default;Default;Default;Default;Default;16;Default;345;33456;"411,001.08 ns";925.997 ns;866.178 ns;4.16;0.01
VFHSForEach;DefaultJob;False;Default;Default;Default;Default;Default;Default;11111111;Empty;RyuJit;X64;8c5e7fda-e8bf-4a96-9a85-a6e23a8c635c;.NET Core 3.1;False;True;False;True;Default;Default;False;False;False;Default;Default;Default;Default;Default;Default;Default;1;Default;Default;Default;Default;Default;Default;Default;Default;16;Default;345;33456;"90,533.04 ns";155.978 ns;138.271 ns;0.92;0.00
GTForEach;DefaultJob;False;Default;Default;Default;Default;Default;Default;11111111;Empty;RyuJit;X64;8c5e7fda-e8bf-4a96-9a85-a6e23a8c635c;.NET Core 3.1;False;True;False;True;Default;Default;False;False;False;Default;Default;Default;Default;Default;Default;Default;1;Default;Default;Default;Default;Default;Default;Default;Default;16;Default;765;12;38.61 ns;0.069 ns;0.054 ns;1.00;0.00
VFHSForEachIt;DefaultJob;False;Default;Default;Default;Default;Default;Default;11111111;Empty;RyuJit;X64;8c5e7fda-e8bf-4a96-9a85-a6e23a8c635c;.NET Core 3.1;False;True;False;True;Default;Default;False;False;False;Default;Default;Default;Default;Default;Default;Default;1;Default;Default;Default;Default;Default;Default;Default;Default;16;Default;765;12;88.99 ns;0.255 ns;0.213 ns;2.31;0.01
VFHSForEachJIt;DefaultJob;False;Default;Default;Default;Default;Default;Default;11111111;Empty;RyuJit;X64;8c5e7fda-e8bf-4a96-9a85-a6e23a8c635c;.NET Core 3.1;False;True;False;True;Default;Default;False;False;False;Default;Default;Default;Default;Default;Default;Default;1;Default;Default;Default;Default;Default;Default;Default;Default;16;Default;765;12;43.81 ns;0.090 ns;0.080 ns;1.13;0.00
VFHSForEach;DefaultJob;False;Default;Default;Default;Default;Default;Default;11111111;Empty;RyuJit;X64;8c5e7fda-e8bf-4a96-9a85-a6e23a8c635c;.NET Core 3.1;False;True;False;True;Default;Default;False;False;False;Default;Default;Default;Default;Default;Default;Default;1;Default;Default;Default;Default;Default;Default;Default;Default;16;Default;765;12;38.45 ns;0.155 ns;0.145 ns;1.00;0.00
GTForEach;DefaultJob;False;Default;Default;Default;Default;Default;Default;11111111;Empty;RyuJit;X64;8c5e7fda-e8bf-4a96-9a85-a6e23a8c635c;.NET Core 3.1;False;True;False;True;Default;Default;False;False;False;Default;Default;Default;Default;Default;Default;Default;1;Default;Default;Default;Default;Default;Default;Default;Default;16;Default;765;34;112.27 ns;0.515 ns;0.456 ns;1.00;0.00
VFHSForEachIt;DefaultJob;False;Default;Default;Default;Default;Default;Default;11111111;Empty;RyuJit;X64;8c5e7fda-e8bf-4a96-9a85-a6e23a8c635c;.NET Core 3.1;False;True;False;True;Default;Default;False;False;False;Default;Default;Default;Default;Default;Default;Default;1;Default;Default;Default;Default;Default;Default;Default;Default;16;Default;765;34;219.93 ns;0.914 ns;0.855 ns;1.96;0.01
VFHSForEachJIt;DefaultJob;False;Default;Default;Default;Default;Default;Default;11111111;Empty;RyuJit;X64;8c5e7fda-e8bf-4a96-9a85-a6e23a8c635c;.NET Core 3.1;False;True;False;True;Default;Default;False;False;False;Default;Default;Default;Default;Default;Default;Default;1;Default;Default;Default;Default;Default;Default;Default;Default;16;Default;765;34;152.90 ns;0.307 ns;0.272 ns;1.36;0.01
VFHSForEach;DefaultJob;False;Default;Default;Default;Default;Default;Default;11111111;Empty;RyuJit;X64;8c5e7fda-e8bf-4a96-9a85-a6e23a8c635c;.NET Core 3.1;False;True;False;True;Default;Default;False;False;False;Default;Default;Default;Default;Default;Default;Default;1;Default;Default;Default;Default;Default;Default;Default;Default;16;Default;765;34;86.12 ns;0.406 ns;0.380 ns;0.77;0.00
GTForEach;DefaultJob;False;Default;Default;Default;Default;Default;Default;11111111;Empty;RyuJit;X64;8c5e7fda-e8bf-4a96-9a85-a6e23a8c635c;.NET Core 3.1;False;True;False;True;Default;Default;False;False;False;Default;Default;Default;Default;Default;Default;Default;1;Default;Default;Default;Default;Default;Default;Default;Default;16;Default;765;2345;"6,906.09 ns";11.304 ns;10.020 ns;1.00;0.00
VFHSForEachIt;DefaultJob;False;Default;Default;Default;Default;Default;Default;11111111;Empty;RyuJit;X64;8c5e7fda-e8bf-4a96-9a85-a6e23a8c635c;.NET Core 3.1;False;True;False;True;Default;Default;False;False;False;Default;Default;Default;Default;Default;Default;Default;1;Default;Default;Default;Default;Default;Default;Default;Default;16;Default;765;2345;"26,996.83 ns";78.682 ns;73.599 ns;3.91;0.01
VFHSForEachJIt;DefaultJob;False;Default;Default;Default;Default;Default;Default;11111111;Empty;RyuJit;X64;8c5e7fda-e8bf-4a96-9a85-a6e23a8c635c;.NET Core 3.1;False;True;False;True;Default;Default;False;False;False;Default;Default;Default;Default;Default;Default;Default;1;Default;Default;Default;Default;Default;Default;Default;Default;16;Default;765;2345;"15,583.63 ns";82.757 ns;77.411 ns;2.26;0.01
VFHSForEach;DefaultJob;False;Default;Default;Default;Default;Default;Default;11111111;Empty;RyuJit;X64;8c5e7fda-e8bf-4a96-9a85-a6e23a8c635c;.NET Core 3.1;False;True;False;True;Default;Default;False;False;False;Default;Default;Default;Default;Default;Default;Default;1;Default;Default;Default;Default;Default;Default;Default;Default;16;Default;765;2345;"6,258.91 ns";12.573 ns;11.761 ns;0.91;0.00
GTForEach;DefaultJob;False;Default;Default;Default;Default;Default;Default;11111111;Empty;RyuJit;X64;8c5e7fda-e8bf-4a96-9a85-a6e23a8c635c;.NET Core 3.1;False;True;False;True;Default;Default;False;False;False;Default;Default;Default;Default;Default;Default;Default;1;Default;Default;Default;Default;Default;Default;Default;Default;16;Default;765;33456;"99,346.53 ns";920.889 ns;861.400 ns;1.00;0.00
VFHSForEachIt;DefaultJob;False;Default;Default;Default;Default;Default;Default;11111111;Empty;RyuJit;X64;8c5e7fda-e8bf-4a96-9a85-a6e23a8c635c;.NET Core 3.1;False;True;False;True;Default;Default;False;False;False;Default;Default;Default;Default;Default;Default;Default;1;Default;Default;Default;Default;Default;Default;Default;Default;16;Default;765;33456;"522,842.02 ns";977.940 ns;763.512 ns;5.26;0.05
VFHSForEachJIt;DefaultJob;False;Default;Default;Default;Default;Default;Default;11111111;Empty;RyuJit;X64;8c5e7fda-e8bf-4a96-9a85-a6e23a8c635c;.NET Core 3.1;False;True;False;True;Default;Default;False;False;False;Default;Default;Default;Default;Default;Default;Default;1;Default;Default;Default;Default;Default;Default;Default;Default;16;Default;765;33456;"412,209.95 ns";"1,018.197 ns";902.605 ns;4.15;0.04
VFHSForEach;DefaultJob;False;Default;Default;Default;Default;Default;Default;11111111;Empty;RyuJit;X64;8c5e7fda-e8bf-4a96-9a85-a6e23a8c635c;.NET Core 3.1;False;True;False;True;Default;Default;False;False;False;Default;Default;Default;Default;Default;Default;Default;1;Default;Default;Default;Default;Default;Default;Default;Default;16;Default;765;33456;"81,514.43 ns";232.024 ns;205.683 ns;0.82;0.01
